id	sdk	strategy	median_val_mae	per_seed_vals	is_winner	patch_ref
cand-001	codex	moderate	3.5021021693383245	[4.289227708873165, 1.1488445524263995, 4.280392637031213, 3.5021021693383245, 3.4855491421017617]	True	--- baseline/train.py
cand-002	claude	aggressive	3.923548248817402	[3.917589379436553, 2.5620487067374094, 3.923548248817402, 5.900057811848739, 5.903339745957952]	False	
cand-003	codex	conservative	4.476672630397417	[4.472737706458645, 2.799297088528612, 4.476672630397417, 4.944822001027013, 4.896580653545435]	False	--- baseline/train.py
cand-000	claude	conservative	inf	[null]	False	--- baseline/train.py
