id	sdk	strategy	median_val_mae	per_seed_vals	is_winner	patch_ref
cand-001	codex	moderate	0.5257582297652756	[5.1881657390083555, 0.41083147629706485, 5.180464952932462, 0.4060296565818407, 0.5257582297652756]	True	--- baseline/train.py
cand-000	claude	conservative	1.283353140843817	[4.753448781794274, 0.5928676881315632, 4.734484394744196, 0.6035332818071795, 1.283353140843817]	False	--- baseline/train.py
cand-002	claude	aggressive	1.3071883106686517	[4.76455102728539, 0.61024486056116, 4.7625080814479075, 0.6172135899214811, 1.3071883106686517]	False	
cand-003	codex	conservative	1.327725560852737	[4.799474617359144, 0.5813592771084535, 4.808236825778562, 0.573567855358082, 1.327725560852737]	False	--- baseline/train.py
