id	sdk	strategy	median_val_mae	per_seed_vals	is_winner	patch_ref
cand-001	codex	moderate	3.6964112502712227	[3.6914163620706573, 2.3731249076578402, 3.6964112502712227, 6.135053111732714, 6.109807265396118]	True	--- baseline/train.py
cand-000	claude	conservative	3.7909445951087304	[3.7875700880323993, 2.6708746776302634, 3.7909445951087304, 6.065079091517425, 6.030312897897639]	False	--- baseline/train.py
cand-003	codex	conservative	3.8155703985020333	[3.8087238930427736, 2.4753308690166587, 3.8155703985020333, 5.955506302279574, 6.08153872147345]	False	--- baseline/train.py
cand-002	claude	aggressive	4.272472105624514	[6.349845179215706, 1.6954469841756288, 6.689338256232608, 4.272472105624514, 1.2545834067226913]	False	--- baseline/train.py
