{
  "cdk/jest.config.ts": 1776754310.159435,
  "cdk/test/app.test.ts": 1776754279.096123,
  "cdk/test/ContainerStack.test.ts": 1776806047.4396513,
  "cdk/test/StorageStack.test.ts": 1776781888.5545816,
  "cdk/test/NetworkStack.test.ts": 1776754685.855203,
  "cdk/bin/semi-design.ts": 1776754262.3730175,
  "cdk/lib/app-context.ts": 1776754255.4252882,
  "cdk/lib/stacks/StorageStack.ts": 1776781924.632786,
  "cdk/lib/stacks/NetworkStack.ts": 1776754880.8888521,
  "cdk/lib/stacks/ContainerStack.ts": 1776806059.4288456,
  "tests/conftest.py": 1776431604.44403,
  "tests/test_init_wiki.py": 1776431728.598101,
  "tests/__init__.py": 1776431091.4936078,
  "tests/test_lint_wiki.py": 1776432152.1630983,
  "tests/test_frontmatter.py": 1776431410.791737,
  "tests/test_sanity.py": 1776431092.4312365,
  "tests/test_sync_index.py": 1776431919.875433,
  "tests/test_integration.py": 1776743361.967776,
  "tests/docker/test_orfs_runner.py": 1776754776.7613857,
  "tests/docker/conftest.py": 1776754503.3116748,
  "tests/docker/test_metric_collector.py": 1776809395.840464,
  "tests/docker/__init__.py": 1776754497.0953777,
  "tests/docker/test_librelane_runner.py": 1776805646.938778,
  "tests/runner/test_aws_s3.py": 1776743361.9670644,
  "tests/runner/conftest.py": 1776738644.0951424,
  "tests/runner/test_package.py": 1776738644.9700217,
  "tests/runner/test_cli_init.py": 1776743361.9666898,
  "tests/runner/test_metrics.py": 1776740516.3345633,
  "tests/runner/test_validate_spec.py": 1776743361.9678273,
  "tests/runner/test_ddb_counter.py": 1776743361.9677799,
  "tests/runner/test_aws_sfn.py": 1776741703.7862694,
  "tests/runner/__init__.py": 1776738643.291286,
  "tests/runner/test_lockfile.py": 1776740180.632109,
  "tests/runner/test_cli_submit_status.py": 1776743361.9675355,
  "tests/runner/test_aws_clients.py": 1776741001.4198046,
  "tests/runner/test_trace.py": 1776740774.929873,
  "tests/runner/test_schemas.py": 1776743361.9672494,
  "tests/runner/test_metric_collector_main.py": 1776809389.3699174,
  "tests/runner/test_budget_guard.py": 1776741913.7152648,
  "tests/entrypoints/__init__.py": 1776755916.0828564,
  "tests/entrypoints/test_run_stage.py": 1776754532.7532268,
  "src/semi_design_runner/validator.py": 1776743361.9666119,
  "src/semi_design_runner/metric_collector_main.py": 1776809385.9503043,
  "src/semi_design_runner/metrics.py": 1776743361.967499,
  "src/semi_design_runner/trace.py": 1776743361.9669733,
  "src/semi_design_runner/lockfile.py": 1776743361.9666586,
  "src/semi_design_runner/__init__.py": 1776738651.1277494,
  "src/semi_design_runner/schemas.py": 1776743361.9667747,
  "src/semi_design_runner/cli.py": 1776743361.9676092,
  "src/semi_design_runner/cost.py": 1776743361.9665573,
  "src/semi_design_runner/aws/sfn.py": 1776743361.9667625,
  "src/semi_design_runner/aws/ddb.py": 1776743361.9675915,
  "src/semi_design_runner/aws/__init__.py": 1776738651.7008548,
  "src/semi_design_runner/aws/clients.py": 1776743361.9667115,
  "src/semi_design_runner/aws/s3.py": 1776743361.9680467,
  "src/semi_design_wiki/frontmatter.py": 1776431425.372668,
  "src/semi_design_wiki/__init__.py": 1776431090.6701756,
  "src/semi_design_wiki/sync_index.py": 1776431936.2005274,
  "src/semi_design_wiki/lint_wiki.py": 1776432173.377438,
  "src/semi_design_wiki/init_wiki.py": 1776431746.673037,
  "README.md": 1776826769.6484034,
  "AGENTS.md": 1776574594.8727467,
  "CLAUDE.md": 1776819659.8493347,
  "wiki/program/program.md": 1776692260.533001,
  "wiki/program/promotion_policy.md": 1776692290.5614696,
  "wiki/program/scoring.md": 1776692277.114454,
  "wiki/raw/papers/k2-zeta-l1-runtime.md": 1776852940.2679205,
  "wiki/raw/papers/k2-theta-benchmark-license.md": 1776852906.9398088,
  "wiki/raw/papers/k2-eta-patch-mutation.md": 1776852936.127661,
  "wiki/raw/papers/k1-gamma-opensource-eda.md": 1776590243.0520403,
  "wiki/raw/papers/k2-epsilon-graph-quality-judge.md": 1776852925.6136584,
  "wiki/raw/papers/k1-alpha-llm-for-hdl.md": 1776590119.3235555,
  "wiki/raw/papers/k1-beta-agentic-eda.md": 1776590177.5657651,
  "wiki/raw/papers/k1-delta-research-memory.md": 1776590293.2434928,
  "wiki/raw/sessions/phase-0-a4-combinational-sequential.md": 1776553181.2491875,
  "wiki/raw/sessions/phase-0-a1-cmos.md": 1776469544.2058089,
  "wiki/raw/sessions/phase-0-a2-logic-gates.md": 1776519571.9875891,
  "wiki/raw/sessions/phase-0-a3-clock-timing.md": 1776550645.812598,
  "docs/glossary.md": 1776826863.3068097,
  "docs/eda_agent_handoff.md": 1776574506.8970418,
  "docs/learning/phase-0-curriculum.md": 1776553235.4194586,
  "docs/knowledge-base/2026-04-19-k1-direction-report.md": 1776590498.6271555,
  "docs/superpowers/plans/2026-04-22-graphify-adoption.md": 1776826941.4277465,
  "docs/superpowers/plans/2026-04-21-L1-process-plan.md": 1776731481.7668397,
  "docs/superpowers/plans/2026-04-17-phase-1a-wiki-skill-engine.md": 1776431351.804106,
  "docs/superpowers/plans/drafts/2026-04-21-L1-phaseB-cdk-draft.md": 1776725015.157547,
  "docs/superpowers/plans/drafts/2026-04-21-L1-phaseC-docker-draft.md": 1776727174.0276673,
  "docs/superpowers/specs/2026-04-22-graphify-adoption-codex-review.md": 1776836949.7722988,
  "docs/superpowers/specs/2026-04-17-semiconductor-design-agent-design.md": 1776590984.8026686,
  "docs/superpowers/specs/2026-04-22-graphify-adoption-design.md": 1776826949.3643339,
  "docs/superpowers/specs/2026-04-19-integrated-research-program-design.md": 1776837056.334416,
  "docs/superpowers/specs/2026-04-20-L1-process-design.md": 1776696984.7679045,
  "docs/superpowers/specs/2026-04-22-graphify-evaluation.md": 1776821009.629821,
  "docs/superpowers/specs/2026-04-22-document-structure-review.md": 1776826248.1408443,
  "graphify-out/graph.html": 1776853770.989501,
  "graphify-out/GRAPH_REPORT.md": 1776853762.3266623,
  "issues/003-wiki-ingest-automation-trigger.md": 1776826794.7450013,
  "issues/004-dashboard-framework-decision.md": 1776692442.5726037,
  "issues/002-fargate-spot-vs-ondemand-mix.md": 1776692414.2047272,
  "issues/README.md": 1776692468.4779885,
  "issues/001-planner-crossover-algorithm.md": 1776692400.6757307
}