id	sdk	strategy	median_val_mae	per_seed_vals	is_winner	patch_ref
cand-003	codex	conservative	3.740927588832841	[3.739914884659456, 2.6052717937157857, 3.740927588832841, 6.384133791561687, 6.392134769276004]	True	--- baseline/train.py
cand-000	claude	conservative	4.079133895118933	[3.9819362190069696, 2.7252900505917403, 4.079133895118933, 6.6802090888981, 6.0696095838231]	False	--- baseline/train.py
cand-001	codex	moderate	inf	[null]	False	--- baseline/train.py
cand-002	claude	aggressive	inf	[null]	False	--- baseline/train.py
