id	sdk	strategy	median_val_mae	per_seed_vals	is_winner	patch_ref
cand-002	claude	aggressive	1.2928628687767039	[6.798436673399705, 0.9268918079182894, 6.7809491981705206, 1.2928628687767039, 1.2783117471306173]	True	--- baseline/train.py
cand-001	codex	moderate	2.402881991595717	[4.958675870112686, 0.5493196735785828, 4.957966596643963, 2.375375842224493, 2.402881991595717]	False	--- baseline/train.py
cand-003	codex	conservative	3.8015897987926413	[3.8015897987926413, 1.202446822108898, 3.800949850946867, 4.11596583007457, 4.185158523108737]	False	--- baseline/train.py
cand-000	claude	conservative	3.9416679107564963	[3.9408192452314177, 2.616682144048081, 3.9416679107564963, 6.13396827931911, 6.075242242321774]	False	--- baseline/train.py
