id	sdk	strategy	median_val_mae	per_seed_vals	is_winner	patch_ref
cand-001	codex	moderate	0.07862977650089024	[0.07862977650089024, 0.1147873608101491, 0.07905290578973141, 0.055128262640850544, 0.0393274434556237]	True	--- baseline/train.py
cand-000	claude	conservative	0.08032938522968093	[0.10159672668872408, 0.15401137956268934, 0.08032938522968093, 0.07029984301206667, 0.055781055448180475]	False	--- baseline/train.py
